{
  "model_name": "xgboost",
  "validation_results": {
    "logistic_regression": {
      "accuracy": 0.95,
      "precision": 0.9554455445544554,
      "recall": 0.946078431372549,
      "f1": 0.9507389162561576,
      "auc": 0.9876950780312125
    },
    "random_forest": {
      "accuracy": 0.9675,
      "precision": 0.9948186528497409,
      "recall": 0.9411764705882353,
      "f1": 0.9672544080604534,
      "auc": 0.9966361544617847
    },
    "gradient_boosting": {
      "accuracy": 0.9575,
      "precision": 0.9794871794871794,
      "recall": 0.9362745098039216,
      "f1": 0.9573934837092731,
      "auc": 0.9948979591836734
    },
    "xgboost": {
      "accuracy": 0.9675,
      "precision": 0.9798994974874372,
      "recall": 0.9558823529411765,
      "f1": 0.967741935483871,
      "auc": 0.9962985194077632
    },
    "svm": {
      "accuracy": 0.9475,
      "precision": 0.9644670050761421,
      "recall": 0.9313725490196079,
      "f1": 0.9476309226932669,
      "auc": 0.9905212084833934
    },
    "mlp": {
      "accuracy": 0.9575,
      "precision": 0.9651741293532339,
      "recall": 0.9509803921568627,
      "f1": 0.9580246913580247,
      "auc": 0.9894707883153262
    }
  },
  "test_results": {
    "metrics": {
      "accuracy": 0.98,
      "precision": 0.989247311827957,
      "recall": 0.968421052631579,
      "f1": 0.9787234042553191,
      "auc": 0.998796992481203
    },
    "classification_report": "              precision    recall  f1-score   support\n\n           0       0.97      0.99      0.98       105\n           1       0.99      0.97      0.98        95\n\n    accuracy                           0.98       200\n   macro avg       0.98      0.98      0.98       200\nweighted avg       0.98      0.98      0.98       200\n",
    "confusion_matrix": [
      [
        104,
        1
      ],
      [
        3,
        92
      ]
    ],
    "predictions": [
      1,
      1,
      0,
      0,
      0,
      0,
      0,
      0,
      0,
      0,
      1,
      0,
      0,
      1,
      0,
      0,
      1,
      0,
      0,
      0,
      1,
      1,
      1,
      0,
      0,
      0,
      0,
      1,
      0,
      1,
      1,
      0,
      1,
      0,
      1,
      0,
      0,
      1,
      0,
      1,
      1,
      0,
      0,
      1,
      0,
      0,
      1,
      0,
      0,
      0,
      1,
      0,
      1,
      1,
      1,
      0,
      0,
      1,
      0,
      0,
      1,
      1,
      0,
      0,
      0,
      1,
      1,
      1,
      1,
      1,
      0,
      0,
      0,
      1,
      1,
      0,
      0,
      0,
      1,
      0,
      1,
      0,
      0,
      0,
      1,
      0,
      0,
      1,
      0,
      0,
      0,
      1,
      0,
      0,
      1,
      0,
      0,
      0,
      1,
      0,
      1,
      1,
      1,
      1,
      1,
      0,
      0,
      1,
      0,
      0,
      1,
      0,
      0,
      0,
      1,
      1,
      0,
      1,
      0,
      1,
      1,
      0,
      1,
      0,
      1,
      0,
      0,
      0,
      0,
      0,
      1,
      0,
      1,
      1,
      0,
      1,
      0,
      1,
      0,
      1,
      0,
      1,
      0,
      1,
      0,
      1,
      1,
      1,
      1,
      0,
      1,
      0,
      1,
      1,
      0,
      1,
      1,
      0,
      1,
      0,
      0,
      1,
      0,
      0,
      1,
      0,
      1,
      1,
      1,
      0,
      0,
      0,
      0,
      1,
      0,
      1,
      0,
      0,
      1,
      1,
      1,
      1,
      1,
      1,
      0,
      1,
      0,
      0,
      0,
      0,
      1,
      1,
      1,
      1,
      1,
      1,
      0,
      1,
      1,
      0
    ],
    "probabilities": [
      0.9997468590736389,
      0.999825656414032,
      0.0002440300741000101,
      0.000604012981057167,
      4.984964834875427e-05,
      0.001192632713355124,
      0.00034751539351418614,
      0.0003246877167839557,
      0.03423042595386505,
      0.014445116743445396,
      0.9992139339447021,
      0.00011885414278367534,
      0.0011391426669433713,
      0.9973822236061096,
      0.00019652358605526388,
      0.011136244982481003,
      0.9999227523803711,
      0.010810812935233116,
      0.4340285062789917,
      0.00179362203925848,
      0.937959611415863,
      0.9988681077957153,
      0.9996521472930908,
      0.0001711201184662059,
      0.00020306342048570514,
      0.0004588092560879886,
      0.0013626121217384934,
      0.999704897403717,
      0.006469166371971369,
      0.9886914491653442,
      0.9929572343826294,
      0.42187559604644775,
      0.9999780654907227,
      0.0003246877167839557,
      0.9997879862785339,
      0.0037833021488040686,
      0.019187448546290398,
      0.9999608993530273,
      0.0001547378342365846,
      0.9894603490829468,
      0.9995645880699158,
      0.02270168624818325,
      0.00034678299562074244,
      0.9574309587478638,
      0.03315874561667442,
      0.0003246877167839557,
      0.9997952580451965,
      0.02332531474530697,
      0.0007376098656095564,
      0.00020200901781208813,
      0.9989904761314392,
      0.0006607890245504677,
      0.999832034111023,
      0.9999805688858032,
      0.9997372031211853,
      9.676395711721852e-05,
      0.0008202017052099109,
      0.9781708121299744,
      0.003658144734799862,
      0.011287807486951351,
      0.9976323843002319,
      0.9995287656784058,
      4.373265983304009e-05,
      0.0033135279081761837,
      0.00015158126188907772,
      0.9998520612716675,
      0.999607503414154,
      0.9670068025588989,
      0.9994125366210938,
      0.9996330738067627,
      0.0004663408035412431,
      0.0004991459427401423,
      0.0007978559006005526,
      0.9997829794883728,
      0.9998573064804077,
      0.0005267435917630792,
      0.005147553514689207,
      0.0001320219598710537,
      0.999913215637207,
      0.36827418208122253,
      0.9999740123748779,
      0.012480327859520912,
      0.07200225442647934,
      0.0006196053582243621,
      0.9996517896652222,
      0.03151082992553711,
      0.4363785982131958,
      0.9999842643737793,
      6.562953058164567e-05,
      0.0005613909452222288,
      0.00471886433660984,
      0.9998051524162292,
      7.016328163444996e-05,
      0.002597592771053314,
      0.998072624206543,
      0.004416071809828281,
      0.000259678898146376,
      0.004597209859639406,
      0.9978427886962891,
      0.0006854587118141353,
      0.9998518228530884,
      0.9967955946922302,
      0.9998645782470703,
      0.9431911110877991,
      0.9994975328445435,
      0.0025290234480053186,
      0.003932374529540539,
      0.9992613196372986,
      0.02292744815349579,
      0.00014103026478551328,
      0.9999455213546753,
      0.005279147531837225,
      0.0003116783918812871,
      0.00012212275760248303,
      0.9981086254119873,
      0.9957672357559204,
      6.954239506740123e-05,
      0.9999172687530518,
      0.0016279899282380939,
      0.9999545812606812,
      0.9993889331817627,
      0.000499606947414577,
      0.9999035596847534,
      0.4677903950214386,
      0.9996215105056763,
      0.002665543230250478,
      0.00019606428395491093,
      0.00039716370520181954,
      8.061847620410845e-05,
      0.0008726335363462567,
      0.9993957281112671,
      0.005676500499248505,
      0.9826413989067078,
      0.9992874264717102,
      0.00010771665984066203,
      0.9999469518661499,
      0.012416194193065166,
      0.9978017210960388,
      0.00013474187289830297,
      0.9993112087249756,
      0.00010824642959050834,
      0.9900856018066406,
      0.0002595934784039855,
      0.727816641330719,
      0.00021858753461856395,
      0.9981787204742432,
      0.9955827593803406,
      0.9968204498291016,
      0.9956055283546448,
      0.000802727066911757,
      0.9999716281890869,
      0.0002453325141686946,
      0.9988549947738647,
      0.9999781847000122,
      0.00018147777882404625,
